country,sex,sui_per_100k_2016,sui_per_100k_2015,sui_per_100k_2010,sui_per_100k_2000,region,happiness_rank_2015,happiness_score_2015,standard_error,economy_gdp_per_capita_2015,family_2015,health_life_expectancy_2015,freedom_2015,trust_government_corruption_2015,generosity_2015,dystopia_residual_2015,happiness_rank_2016,happiness_score_2016,economy_gdp_per_capita_2016,family_2016,health_life_expectancy_2016,freedom_2016,trust_government_corruption_2016,generosity_2016,dystopia_residual_2016,total_population,total_suicides_2016,total_suicides_2015,economy_gdp_2016,economy_gdp_2015,country_code,latitude,longitude,hdi_rank,human_development_index,life_expectancy_at_birth,expected_years_of_education,mean_years_of_education,gross_national_income_gni_per_capita,gni_per_capita_rank_minus_hdi_rank
Afghanistan, Both sexes,6.4,6.6,7.4,8.1,Southern Asia,153,3.575,0.03084,0.31982,0.30285,0.30335,0.23414000000000001,0.09719,0.3651,1.9521,154,3.36,0.38227,0.11037000000000001,0.17344,0.1643,0.07112,0.31268,2.14558,,,,,,AF,33.93911,67.709953,171.0,0.465,60.4,9.3,3.2,"1,885",-7.0
Albania, Both sexes,5.6,5.3,7.7,5.8,Central and Eastern Europe,95,4.959,0.05013,0.8786700000000001,0.8043399999999999,0.81325,0.35733000000000004,0.06412999999999999,0.14272,1.89894,109,4.655,0.9553,0.50163,0.73007,0.31866,0.05301,0.1684,1.9281599999999999,,,,,,AL,41.153332,20.168331,85.0,0.733,77.8,11.8,9.3,"9,943",14.0
Algeria, Both sexes,3.3,3.4,3.5,4.7,Middle East and Northern Africa,68,5.605,0.05099,0.93929,1.07772,0.61766,0.28579,0.17382999999999998,0.07822,2.43209,38,6.355,1.05266,0.83309,0.6180399999999999,0.21006,0.16157,0.07044,3.40904,,,,,,DZ,28.033886,1.6596259999999998,83.0,0.736,74.8,14.0,7.6,"13,054",-1.0
Angola, Both sexes,8.9,9.3,10.4,13.9,Sub-Saharan Africa,137,4.033,0.047580000000000004,0.75778,0.8604,0.16683,0.10384000000000002,0.07122,0.12344000000000001,1.9493900000000002,141,3.866,0.84731,0.66366,0.04991,0.00589,0.08434,0.12070999999999998,2.09459,,,,,,AO,-11.202691999999999,17.873887,149.0,0.532,52.3,11.4,4.7,"6,822",-30.0
Argentina, Both sexes,9.1,8.7,8.6,9.5,Latin America and Caribbean,30,6.574,0.04612,1.05351,1.24823,0.78723,0.44974,0.08484,0.11450999999999999,2.8360000000000003,26,6.65,1.15137,1.0661200000000002,0.69711,0.42283999999999994,0.07296,0.10989000000000002,3.12985,39699624.0,3612.665784,3453.867288,45708956.08488,41823950.88024,AR,-38.416097,-63.616671999999994,40.0,0.836,76.3,17.9,9.8,"22,050",11.0
Armenia, Both sexes,5.7,6.0,5.4,3.2,Central and Eastern Europe,127,4.35,0.04763,0.7682100000000001,0.7771100000000001,0.7299,0.19847,0.039,0.07855,1.75873,121,4.36,0.8608600000000001,0.6247699999999999,0.64083,0.14037,0.036160000000000005,0.07793,1.9786400000000002,2795335.0,159.33409500000002,167.7201,2406392.0881000003,2147404.30035,AM,40.069099,45.038189,85.0,0.733,74.7,12.3,10.9,"8,124",22.0
Armenia, Both sexes,5.7,6.0,5.4,3.2,Central and Eastern Europe,127,4.35,0.04763,0.7682100000000001,0.7771100000000001,0.7299,0.19847,0.039,0.07855,1.75873,121,4.36,0.8608600000000001,0.6247699999999999,0.64083,0.14037,0.036160000000000005,0.07793,1.9786400000000002,2400033.0,136.801881,144.00198,2066092.4083800002,1843729.3509300002,AM,40.069099,45.038189,85.0,0.733,74.7,12.3,10.9,"8,124",22.0
Australia, Both sexes,11.7,12.2,11.0,12.2,Australia and New Zealand,10,7.284,0.04083,1.33358,1.30923,0.93156,0.6512399999999999,0.35636999999999996,0.43562,2.26646,9,7.313,1.4444299999999999,1.10476,0.8512,0.5683699999999999,0.32331,0.47407,2.5465,22240785.0,2602.171845,2713.3757699999996,32125257.077549998,29659866.0603,AU,-25.274398,133.775136,2.0,0.935,82.4,20.2,13.0,"42,261",17.0
Austria, Both sexes,11.4,11.5,12.2,16.0,Western Europe,13,7.2,0.03751,1.33723,1.29704,0.8904200000000001,0.62433,0.18675999999999998,0.33088,2.5332,12,7.119,1.45038,1.0838299999999998,0.80565,0.54355,0.21348000000000003,0.32865,2.6934299999999998,8219386.0,937.0100040000001,945.22939,11921233.06668,10991209.540779999,AT,47.516231,14.550072,23.0,0.885,81.4,15.7,10.8,"43,869",-5.0
Austria, Both sexes,11.4,11.5,12.2,16.0,Western Europe,13,7.2,0.03751,1.33723,1.29704,0.8904200000000001,0.62433,0.18675999999999998,0.33088,2.5332,12,7.119,1.45038,1.0838299999999998,0.80565,0.54355,0.21348000000000003,0.32865,2.6934299999999998,7484629.0,853.247706,860.7323349999999,10855556.20902,10008670.43767,AT,47.516231,14.550072,23.0,0.885,81.4,15.7,10.8,"43,869",-5.0
Azerbaijan, Both sexes,2.6,2.7,3.0,2.4,Central and Eastern Europe,80,5.212000000000001,0.03363,1.02389,0.9379299999999999,0.64045,0.3703,0.16065,0.07799,2.00073,81,5.291,1.12373,0.76042,0.54504,0.35327,0.17914000000000002,0.0564,2.2735,,,,,,AZ,40.143105,47.576927000000005,78.0,0.7509999999999999,70.8,11.9,11.2,"16,428",-11.0
Bahrain, Both sexes,5.7,5.7,5.3,7.3,Middle East and Northern Africa,49,5.96,0.05412,1.32376,1.21624,0.74716,0.45492,0.306,0.17362,1.73797,42,6.218,1.44024,0.9439700000000001,0.65696,0.47375,0.25772,0.17147,2.27405,,,,,,BH,25.930414000000003,50.637772,45.0,0.8240000000000001,76.6,14.4,9.4,"38,599",-20.0
Bangladesh, Both sexes,6.1,6.3,6.6,7.0,Southern Asia,109,4.694,0.03077,0.39753,0.43106000000000005,0.60164,0.4082,0.12569,0.21222,2.51767,110,4.643,0.54177,0.24749000000000002,0.52989,0.39778,0.12583,0.19132000000000002,2.6090400000000002,,,,,,BD,23.684994,90.35633100000001,142.0,0.57,71.6,10.0,5.1,"3,191",5.0
Belarus, Both sexes,21.4,21.2,31.9,38.7,Central and Eastern Europe,59,5.813,0.03938,1.0319200000000002,1.23289,0.7360800000000001,0.37938,0.1909,0.11045999999999999,2.1309,61,5.8020000000000005,1.1306200000000002,1.04993,0.6310399999999999,0.29091,0.17457,0.13942000000000002,2.3858200000000003,,,,,,BY,53.709807,27.953389,50.0,0.7979999999999999,71.3,15.7,12.0,"16,676",14.0
Belgium, Both sexes,15.7,15.2,16.8,18.8,Western Europe,19,6.937,0.03595,1.30782,1.28566,0.8966700000000001,0.5845,0.2254,0.2225,2.4148400000000003,18,6.928999999999999,1.42539,1.05249,0.8195899999999999,0.51354,0.26248,0.2424,2.61355,10624356.0,1668.023892,1614.902112,15143850.79884,13894745.26392,BE,50.503887,4.469936,21.0,0.89,80.8,16.3,11.3,"41,187",0.0
Benin, Both sexes,15.7,15.7,15.5,15.6,Sub-Saharan Africa,155,3.34,0.03656,0.28665,0.35386,0.3191,0.4845,0.0801,0.1826,1.6332799999999998,153,3.484,0.39499,0.10419,0.21028000000000002,0.39747,0.06681000000000001,0.2018,2.10812,,,,,,BJ,9.30769,2.315834,166.0,0.48,59.6,11.1,3.3,"1,767",0.0
Bhutan, Both sexes,11.6,11.9,12.2,16.3,Southern Asia,79,5.252999999999999,0.03225,0.77042,1.10395,0.57407,0.5320600000000001,0.15445,0.47998,1.63794,84,5.196000000000001,0.8527,0.9083600000000001,0.49759,0.46074,0.1616,0.48546000000000006,1.82916,,,,,,BT,27.514162,90.433601,132.0,0.605,69.5,12.6,3.0,"7,176",-17.0
Bosnia and Herzegovina, Both sexes,6.4,6.6,6.3,9.7,Central and Eastern Europe,96,4.949,0.06913,0.8322299999999999,0.9191600000000001,0.79081,0.09245,0.00227,0.24808000000000002,2.06367,87,5.162999999999999,0.9338299999999999,0.64367,0.7076600000000001,0.09511,0.0,0.29889,2.48406,,,,,,BA,43.915886,17.679076000000002,85.0,0.733,76.5,13.6,8.3,"9,638",19.0
Botswana, Both sexes,11.5,12.0,13.8,15.3,Sub-Saharan Africa,128,4.332,0.049339999999999995,0.99355,1.10464,0.047760000000000004,0.49495,0.12474,0.10461,1.46181,137,3.9739999999999998,1.09426,0.89186,0.34752,0.44088999999999995,0.10769000000000001,0.12425,0.96741,,,,,,BW,-22.328474,24.684866,106.0,0.698,64.5,12.5,8.9,"16,646",-41.0
Brazil, Both sexes,6.1,6.2,5.7,5.3,Latin America and Caribbean,16,6.983,0.040760000000000005,0.98124,1.2328700000000001,0.69702,0.49049,0.17521,0.14574,3.26001,17,6.952000000000001,1.08754,1.03938,0.61415,0.40425,0.14165999999999998,0.15775999999999998,3.5073300000000005,191087085.0,11656.312184999999,11847.39927,207814848.4209,187502291.2854,BR,-14.235004,-51.92528,75.0,0.755,74.5,15.2,7.7,"15,175",-1.0
Bulgaria, Both sexes,7.9,7.9,8.6,14.3,Central and Eastern Europe,134,4.218,0.04828,1.01216,1.10614,0.76649,0.30587,0.00872,0.11921,0.89991,129,4.217,1.11306,0.92542,0.67806,0.21219000000000002,0.00615,0.12793,1.15377,,,,,,BG,42.733883,25.48583,59.0,0.782,74.2,14.4,10.6,"15,596",13.0
Burkina Faso, Both sexes,14.8,14.8,14.5,15.6,Sub-Saharan Africa,152,3.5869999999999997,0.04324,0.25811999999999996,0.85188,0.27125,0.39493,0.12832000000000002,0.21746999999999997,1.46494,145,3.739,0.31995,0.63054,0.21297,0.3337,0.12533,0.24353000000000002,1.8731900000000001,,,,,,BF,12.238333,-1.561593,183.0,0.402,58.7,7.8,1.4,"1,591",-13.0
Burundi, Both sexes,15.0,14.8,14.9,12.9,Sub-Saharan Africa,157,2.905,0.08657999999999999,0.0153,0.41586999999999996,0.22396,0.1185,0.10062,0.19727,1.83302,157,2.905,0.06831,0.23442,0.15747,0.0432,0.09419,0.2029,2.1040400000000004,,,,,,BI,-3.3730559999999996,29.918885999999997,184.0,0.4,56.7,10.1,2.7,758,1.0
Cambodia, Both sexes,5.9,5.9,6.3,7.3,Southeastern Asia,145,3.819,0.05069,0.46038,0.62736,0.61114,0.66246,0.07247,0.40359,0.98195,140,3.907,0.55604,0.5375,0.42494,0.5885199999999999,0.08092,0.40339,1.3157299999999998,,,,,,KH,12.565679,104.990963,143.0,0.555,68.4,10.9,4.4,"2,949",7.0
Cameroon, Both sexes,19.5,19.6,18.7,21.3,Sub-Saharan Africa,133,4.252,0.04678,0.4225,0.8876700000000001,0.23401999999999998,0.49309,0.05786,0.20618000000000003,1.95071,114,4.513,0.5249699999999999,0.62542,0.12697999999999998,0.42736,0.06126,0.2268,2.5198,,,,,,CM,7.369722,12.354722,153.0,0.512,55.5,10.4,6.0,"2,803",-1.0
Canada, Both sexes,10.4,10.5,11.1,11.6,North America,5,7.4270000000000005,0.03553,1.32629,1.32261,0.9056299999999999,0.63297,0.32957,0.45811,2.4517599999999997,6,7.404,1.44015,1.0961,0.8276,0.5737,0.31329,0.44833999999999996,2.70485,,,,,,CA,56.130366,-106.34677099999999,9.0,0.9129999999999999,82.0,15.9,13.0,"42,155",11.0
Chad, Both sexes,15.5,15.7,16.3,15.0,Sub-Saharan Africa,149,3.667,0.0383,0.34193,0.76062,0.1501,0.23501,0.05269,0.18386,1.9429599999999998,144,3.763,0.42213999999999996,0.63178,0.038239999999999996,0.12807000000000002,0.04952,0.18667,2.3063700000000003,,,,,,TD,15.454166,18.732207,185.0,0.392,51.6,7.4,1.9,"2,085",-22.0
Chile, Both sexes,9.7,10.0,11.6,11.1,Latin America and Caribbean,27,6.67,0.057999999999999996,1.10715,1.12447,0.85857,0.44132,0.12869,0.33363000000000004,2.67585,24,6.705,1.2167,0.9058700000000001,0.8188300000000001,0.37789,0.11450999999999999,0.31595,2.95505,16565725.0,1606.875325,1656.5725,20155517.607499998,18340742.43375,CL,-35.675146999999996,-71.542969,42.0,0.8320000000000001,81.7,15.2,9.8,"21,290",11.0
China, Both sexes,8.0,8.1,10.0,14.1,Eastern Asia,84,5.14,0.02424,0.89012,0.94675,0.81658,0.5169699999999999,0.02781,0.08185,1.8604,83,5.245,1.0278,0.79381,0.73561,0.44011999999999996,0.02745,0.049589999999999995,2.17087,,,,,,CN,35.86166,104.195397,90.0,0.727,75.8,13.1,7.5,"12,547",-7.0
Colombia, Both sexes,7.0,8.1,7.1,8.0,Latin America and Caribbean,33,6.477,0.05051,0.91861,1.2401799999999998,0.69077,0.53466,0.0512,0.18400999999999998,2.85737,31,6.481,1.0303200000000001,1.02169,0.59659,0.44735,0.053989999999999996,0.15625999999999998,3.1747099999999997,44490427.0,3114.32989,3603.7245869999997,45839376.746640004,40869351.14647,CO,4.570868,-74.297333,97.0,0.72,74.0,13.5,7.3,"12,040",-9.0
Comoros, Both sexes,11.1,11.1,11.0,8.8,Sub-Saharan Africa,140,3.9560000000000004,0.04797,0.23906,0.79273,0.36315,0.22916999999999998,0.19899999999999998,0.17440999999999998,1.95812,138,3.9560000000000004,0.27509,0.60323,0.29980999999999997,0.15412,0.18437,0.1827,2.25632,,,,,,KM,-11.875001,43.872219,159.0,0.503,63.3,11.5,4.6,"1,456",16.0
Costa Rica, Both sexes,7.5,7.5,8.4,7.7,Latin America and Caribbean,12,7.226,0.044539999999999996,0.95578,1.2378799999999999,0.8602700000000001,0.63376,0.10583,0.25497,3.17728,14,7.087000000000001,1.06879,1.02152,0.76146,0.55225,0.10547000000000001,0.22553,3.3516800000000004,,,,,,CR,9.748917,-83.753428,69.0,0.7659999999999999,79.4,13.9,8.4,"13,413",10.0
Croatia, Both sexes,11.5,12.3,13.3,16.8,Central and Eastern Europe,62,5.7589999999999995,0.04394,1.08254,0.79624,0.78805,0.25883,0.0243,0.054439999999999995,2.75414,74,5.4879999999999995,1.18649,0.6080899999999999,0.70524,0.23906999999999998,0.04002,0.18434,2.52462,4001669.0,460.19193499999994,492.205287,4747940.25181,4331966.759260001,HR,45.1,15.2,47.0,0.818,77.3,14.8,11.0,"19,409",11.0
Croatia, Both sexes,11.5,12.3,13.3,16.8,Central and Eastern Europe,62,5.7589999999999995,0.04394,1.08254,0.79624,0.78805,0.25883,0.0243,0.054439999999999995,2.75414,74,5.4879999999999995,1.18649,0.6080899999999999,0.70524,0.23906999999999998,0.04002,0.18434,2.52462,3567043.0,410.20994500000006,438.74628900000005,4232260.84907,3861466.72922,HR,45.1,15.2,47.0,0.818,77.3,14.8,11.0,"19,409",11.0
Cyprus, Both sexes,4.5,4.3,4.9,2.1,Western Europe,67,5.689,0.0558,1.20813,0.89318,0.92356,0.40671999999999997,0.06146,0.30638000000000004,1.8893099999999998,69,5.546,1.31857,0.70697,0.8488,0.29507,0.05227999999999999,0.27906,2.04497,796037.0,35.821665,34.229591,1049630.50709,961716.1808099999,CY,35.126413,33.429859,32.0,0.85,80.2,14.0,11.6,"28,633",3.0
Cyprus, Both sexes,4.5,4.3,4.9,2.1,Western Europe,67,5.689,0.0558,1.20813,0.89318,0.92356,0.40671999999999997,0.06146,0.30638000000000004,1.8893099999999998,69,5.546,1.31857,0.70697,0.8488,0.29507,0.05227999999999999,0.27906,2.04497,711344.0,32.01048,30.587791999999997,937956.85808,859396.02672,CY,35.126413,33.429859,32.0,0.85,80.2,14.0,11.6,"28,633",3.0
Denmark, Both sexes,9.2,8.6,9.3,12.7,Western Europe,3,7.527,0.033280000000000004,1.32548,1.36058,0.87464,0.6493800000000001,0.48357,0.34139,2.4920400000000003,1,7.526,1.4417799999999998,1.16374,0.79504,0.5794100000000001,0.44453000000000004,0.36171,2.73939,5383060.0,495.2415199999999,462.94316,7761188.246799999,7135138.3688,DK,56.26392,9.501785,4.0,0.9229999999999999,80.2,18.7,12.7,"44,025",11.0
Dominican Republic, Both sexes,10.5,10.2,9.0,10.9,Latin America and Caribbean,98,4.885,0.07446,0.8953700000000001,1.17202,0.66825,0.57672,0.14234000000000002,0.21684,1.21305,89,5.155,1.02787,0.9949600000000001,0.5766899999999999,0.52259,0.12372000000000001,0.21286,1.6962599999999999,,,,,,DO,18.735692999999998,-70.162651,101.0,0.715,73.5,13.1,7.6,"11,883",-12.0
Ecuador, Both sexes,7.2,9.7,8.7,6.3,Latin America and Caribbean,48,5.975,0.04528,0.8640200000000001,0.99903,0.79075,0.48573999999999995,0.1809,0.11540999999999998,2.5394200000000002,51,5.976,0.97306,0.85974,0.68613,0.4027,0.18037,0.10074,2.77366,14534024.0,1046.449728,1409.8003279999998,14142477.39344,12557687.416480001,EC,-1.8312389999999998,-78.183406,88.0,0.732,75.9,14.2,7.6,"10,605",7.0
Egypt, Both sexes,4.4,4.2,4.0,3.9,Middle East and Northern Africa,135,4.194,0.0326,0.8818,0.747,0.61712,0.17288,0.06324,0.11291,1.59927,120,4.362,0.95395,0.49813,0.5211600000000001,0.18847,0.10393,0.12705999999999998,1.96895,,,,,,EG,26.820553000000004,30.802497999999996,108.0,0.69,71.1,13.5,6.6,"10,512",-12.0
El Salvador, Both sexes,13.5,13.9,11.3,14.8,Latin America and Caribbean,42,6.13,0.056179999999999994,0.76454,1.0250700000000001,0.67737,0.4035,0.11775999999999999,0.10692,3.035,46,6.068,0.8737,0.80975,0.596,0.37269,0.10613,0.08877,3.22134,,,,,,SV,13.794185,-88.89653,116.0,0.6659999999999999,73.0,12.3,6.5,"7,349",-3.0
Estonia, Both sexes,14.4,13.3,14.9,25.4,Central and Eastern Europe,73,5.428999999999999,0.04013,1.15174,1.22791,0.77361,0.44888,0.15184,0.0868,1.58782,72,5.517,1.2796399999999999,1.0516299999999998,0.68098,0.41511000000000003,0.18519000000000002,0.08423,1.81985,1243450.0,179.0568,165.37885,1591168.3579999998,1432131.103,EE,58.595271999999994,25.013607,30.0,0.861,76.8,16.5,12.5,"25,214",12.0
Ethiopia, Both sexes,11.4,11.5,12.0,13.7,Sub-Saharan Africa,122,4.512,0.0378,0.19072999999999998,0.60406,0.44055,0.4345,0.15048,0.24325,2.44876,115,4.508,0.29283000000000003,0.37932,0.34578000000000003,0.36703,0.1717,0.29522,2.65614,,,,,,ET,9.145,40.489672999999996,174.0,0.442,64.1,8.5,2.4,"1,428",2.0
Finland, Both sexes,13.8,12.4,16.6,21.6,Western Europe,6,7.406000000000001,0.0314,1.29025,1.31826,0.8891100000000001,0.64169,0.41372,0.23351,2.61955,5,7.412999999999999,1.40598,1.1346399999999999,0.81091,0.57104,0.41003999999999996,0.25492,2.82596,5181797.0,715.0879860000001,642.5428280000001,7285502.94606,6685813.5792499995,FI,61.92411,25.748151,24.0,0.883,80.8,17.1,10.3,"38,695",0.0
France, Both sexes,12.1,12.5,14.8,16.9,Western Europe,29,6.575,0.03512,1.27778,1.2603799999999998,0.9457899999999999,0.55011,0.20646,0.12332,2.21126,32,6.478,1.39488,1.00508,0.83795,0.46562,0.17808,0.1216,2.4744,,,,,,FR,46.227638,2.213749,22.0,0.888,82.2,16.0,11.1,"38,056",4.0
Gabon, Both sexes,9.6,9.9,9.2,8.9,Sub-Saharan Africa,143,3.8960000000000004,0.04547,1.06024,0.90528,0.43372,0.31914000000000003,0.11091,0.06822,0.99895,134,4.121,1.15851,0.72368,0.3494,0.28098,0.09314,0.062439999999999996,1.4533200000000002,,,,,,GA,-0.803689,11.609444,110.0,0.684,64.4,12.5,7.8,"16,367",-42.0
Georgia, Both sexes,6.7,6.7,5.8,5.4,Central and Eastern Europe,130,4.297,0.042210000000000004,0.7419,0.38561999999999996,0.72926,0.40576999999999996,0.38331,0.055470000000000005,1.59541,126,4.252,0.8379200000000001,0.19249000000000002,0.64035,0.32461,0.3188,0.06786,1.87031,3458400.0,231.71280000000002,231.71280000000002,2897862.5280000004,2565786.96,GE,42.315407,43.356891999999995,76.0,0.754,74.9,13.8,12.1,"7,164",40.0
Germany, Both sexes,9.1,9.3,9.8,11.4,Western Europe,26,6.75,0.01848,1.32792,1.2993700000000001,0.89186,0.6147699999999999,0.21843,0.28214,2.1156900000000003,16,6.994,1.44787,1.09774,0.81487,0.53466,0.28551,0.30451999999999996,2.5093099999999997,78136683.0,7110.438153,7266.711519000001,113131759.21521,103759264.08936,DE,51.165690999999995,10.451526,6.0,0.9159999999999999,80.9,16.5,13.1,"43,919",11.0
Ghana, Both sexes,8.7,8.6,7.8,7.2,Sub-Saharan Africa,114,4.633,0.04742,0.5455800000000001,0.6795399999999999,0.40131999999999995,0.42341999999999996,0.04355,0.23087,2.30919,124,4.276,0.63107,0.49353,0.29681,0.40973000000000004,0.0326,0.21203000000000002,2.2002,,,,,,GH,7.946527000000001,-1.0231940000000002,140.0,0.579,61.4,11.5,7.0,"3,852",-1.0
Greece, Both sexes,3.8,3.6,2.6,2.9,Western Europe,102,4.857,0.05062,1.15406,0.9293299999999999,0.88213,0.07699,0.013969999999999998,0.0,1.8010099999999998,99,5.033,1.24886,0.75473,0.80029,0.05822000000000001,0.04127,0.0,2.12944,10331286.0,392.588868,371.92629600000004,12902329.83396,11922923.921160001,GR,39.074208,21.824312,29.0,0.865,80.9,17.6,10.3,"24,524",14.0
Guatemala, Both sexes,2.9,3.4,3.3,3.9,Latin America and Caribbean,43,6.122999999999999,0.052239999999999995,0.74553,1.04356,0.64425,0.57733,0.09472,0.27489,2.74255,39,6.324,0.83454,0.8711899999999999,0.5403899999999999,0.50379,0.08701,0.28808,3.19863,14258397.0,413.49351299999995,484.78549799999996,11899202.63238,10630062.71541,GT,15.783470999999999,-90.23075899999999,128.0,0.627,71.8,10.7,5.6,"6,929",-11.0
Guinea, Both sexes,10.5,10.7,11.2,10.6,Sub-Saharan Africa,150,3.656,0.0359,0.17417,0.46475,0.24009,0.37725,0.12139000000000001,0.28657,1.9917200000000002,151,3.6069999999999998,0.22415,0.3109,0.18829,0.30953,0.1192,0.29914,2.15604,,,,,,GN,9.945587,-9.696645,182.0,0.41100000000000003,58.8,8.7,2.4,"1,096",0.0
Haiti, Both sexes,12.2,12.2,10.9,10.3,Latin America and Caribbean,119,4.518,0.07331,0.26673,0.74302,0.38847,0.24425,0.17175,0.46187,2.24173,136,4.0280000000000005,0.34097,0.29561,0.27494,0.12072000000000001,0.14476,0.47958,2.3711599999999997,,,,,,HT,18.971187,-72.28521500000001,163.0,0.483,62.8,8.7,4.9,"1,669",4.0
Honduras, Both sexes,3.4,3.3,3.1,3.3,Latin America and Caribbean,105,4.788,0.056479999999999995,0.59532,0.9534799999999999,0.6951,0.40148,0.06825,0.23026999999999997,1.84408,104,4.871,0.69429,0.7559600000000001,0.5838300000000001,0.26755,0.06906,0.2044,2.2955099999999997,,,,,,HN,15.199998999999998,-86.241905,131.0,0.606,73.1,11.1,5.5,"3,938",7.0
Hungary, Both sexes,13.6,14.7,19.5,26.1,Central and Eastern Europe,104,4.8,0.061070000000000006,1.12094,1.20215,0.75905,0.32111999999999996,0.02758,0.128,1.24074,91,5.145,1.24142,0.9316399999999999,0.67608,0.1977,0.044719999999999996,0.099,1.9547299999999999,9389519.0,1276.974584,1380.2592929999998,11656336.67698,10525087.427860001,HU,47.162494,19.503304,44.0,0.828,75.2,15.4,11.6,"22,916",3.0
Hungary, Both sexes,13.6,14.7,19.5,26.1,Central and Eastern Europe,104,4.8,0.061070000000000006,1.12094,1.20215,0.75905,0.32111999999999996,0.02758,0.128,1.24074,91,5.145,1.24142,0.9316399999999999,0.67608,0.1977,0.044719999999999996,0.099,1.9547299999999999,8390370.0,1141.09032,1233.38439,10415973.1254,9405101.3478,HU,47.162494,19.503304,44.0,0.828,75.2,15.4,11.6,"22,916",3.0
Iceland, Both sexes,13.3,12.9,12.3,16.0,Western Europe,2,7.561,0.048839999999999995,1.3023200000000001,1.4022299999999999,0.94784,0.6287699999999999,0.14145,0.4363,2.70201,3,7.501,1.42666,1.18326,0.8673299999999999,0.56624,0.14975,0.47678000000000004,2.83137,308554.0,41.037682000000004,39.803466,440201.64964,401836.04528,IS,64.96305100000001,-19.020835,16.0,0.899,82.6,19.0,10.6,"35,182",12.0
Iceland, Both sexes,13.3,12.9,12.3,16.0,Western Europe,2,7.561,0.048839999999999995,1.3023200000000001,1.4022299999999999,0.94784,0.6287699999999999,0.14145,0.4363,2.70201,3,7.501,1.42666,1.18326,0.8673299999999999,0.56624,0.14975,0.47678000000000004,2.83137,268773.0,35.746809000000006,34.671717,383447.68818,350028.45336000004,IS,64.96305100000001,-19.020835,16.0,0.899,82.6,19.0,10.6,"35,182",12.0
India, Both sexes,16.5,16.7,17.1,18.7,Southern Asia,117,4.565,0.02043,0.64499,0.38174,0.5152899999999999,0.39786,0.08492000000000001,0.26475,2.27513,118,4.404,0.74036,0.29247,0.45091000000000003,0.40285,0.08722,0.25028,2.18032,,,,,,IN,20.593684,78.96288,130.0,0.609,68.0,11.7,5.4,"5,497",-4.0
Indonesia, Both sexes,3.7,3.7,4.0,4.3,Southeastern Asia,74,5.399,0.025960000000000004,0.8282700000000001,1.0870799999999998,0.63793,0.46611,0.0,0.51535,1.86399,79,5.314,0.95104,0.87625,0.49373999999999996,0.39237,0.00322,0.56521,2.03171,,,,,,ID,-0.789275,113.921327,110.0,0.684,68.9,13.0,7.6,"9,788",-9.0
Iraq, Both sexes,4.1,4.1,3.8,3.8,Middle East and Northern Africa,112,4.677,0.052320000000000005,0.98549,0.81889,0.60237,0.0,0.13788,0.17922000000000002,1.95335,112,4.575,1.07474,0.59205,0.51076,0.24856,0.13635999999999998,0.19589,1.81657,,,,,,IQ,33.223191,43.679291,121.0,0.654,69.4,10.1,6.4,"14,003",-44.0
Ireland, Both sexes,10.9,10.8,11.3,11.8,Western Europe,18,6.94,0.03676,1.33596,1.36948,0.89533,0.6177699999999999,0.28703,0.45901000000000003,1.9757,19,6.907,1.4834100000000001,1.16157,0.81455,0.54008,0.29754,0.44963000000000003,2.15988,,,,,,IE,53.41291,-8.243889999999999,6.0,0.9159999999999999,80.9,18.6,12.2,"39,568",16.0
Israel, Both sexes,5.2,4.8,7.2,7.4,Middle East and Northern Africa,11,7.278,0.0347,1.2285700000000002,1.22393,0.9138700000000001,0.41318999999999995,0.07785,0.33171999999999996,3.08854,11,7.267,1.33766,0.9953700000000001,0.8491700000000001,0.36432,0.08728,0.32288,3.31029,7516180.0,390.84136,360.77664,10054093.3388,9234153.262600001,IL,31.046051000000002,34.851612,18.0,0.894,82.4,16.0,12.5,"30,676",16.0
Italy, Both sexes,5.5,5.3,5.2,5.8,Western Europe,50,5.9479999999999995,0.03914,1.25114,1.19777,0.9544600000000001,0.26236,0.02901,0.22823000000000002,2.0251799999999998,50,5.977,1.35495,1.04167,0.8510200000000001,0.18827,0.02556,0.16684000000000002,2.34918,58117697.0,3196.4733349999997,3080.237941,78746573.55015,72713375.42458,IT,41.87194,12.56738,27.0,0.873,83.1,16.0,10.1,"33,030",4.0
Jamaica, Both sexes,2.0,2.0,2.0,2.5,Latin America and Caribbean,65,5.709,0.13693,0.81038,1.1510200000000002,0.6874100000000001,0.50442,0.02299,0.2123,2.32038,73,5.51,0.89333,0.96372,0.5946899999999999,0.43596999999999997,0.04294,0.22245,2.35682,,,,,,JM,18.109581,-77.297508,99.0,0.7190000000000001,75.7,12.4,9.7,"7,415",13.0
Japan, Both sexes,14.3,15.1,19.0,18.8,Eastern Asia,46,5.987,0.03581,1.27074,1.25712,0.99111,0.49615,0.1806,0.10705,1.68435,53,5.921,1.3800700000000001,1.06054,0.91491,0.46761,0.18985,0.10224,1.8058400000000001,120376310.0,17213.81233,18176.822809999998,166127734.14170003,152966992.1694,JP,36.204824,138.252924,20.0,0.8909999999999999,83.5,15.3,11.5,"36,927",7.0
Jordan, Both sexes,3.7,3.7,3.7,4.8,Middle East and Northern Africa,82,5.192,0.045239999999999995,0.9019799999999999,1.05392,0.69639,0.40660999999999997,0.14293,0.11052999999999999,1.8799599999999999,80,5.303,0.9967299999999999,0.86216,0.60712,0.36023,0.13297,0.14262,2.20142,,,,,,JO,30.585164000000002,36.238414,80.0,0.748,74.0,13.5,9.9,"11,365",11.0
Kazakhstan, Both sexes,22.8,25.2,32.0,34.9,Central and Eastern Europe,54,5.855,0.041139999999999996,1.1225399999999999,1.1224100000000001,0.64368,0.51649,0.08454,0.11827,2.24729,54,5.919,1.22943,0.95544,0.57386,0.4052,0.11132,0.15011,2.49325,15646752.0,3567.4594560000005,3942.981504,19236586.31136,17564104.99008,KZ,48.019573,66.923684,56.0,0.7879999999999999,69.4,15.0,11.4,"20,867",-1.0
Kenya, Both sexes,5.6,5.5,5.7,8.2,Sub-Saharan Africa,125,4.419,0.04734,0.36471,0.99876,0.41435,0.42215,0.05839,0.37542,1.78555,122,4.356,0.52267,0.7624,0.30146999999999996,0.40576,0.06686,0.41328000000000004,1.88326,,,,,,KE,-0.023559,37.906193,145.0,0.5479999999999999,61.6,11.0,6.3,"2,762",9.0
Kuwait, Both sexes,2.2,2.2,1.5,1.6,Middle East and Northern Africa,39,6.295,0.04456,1.5542200000000002,1.16594,0.72492,0.55499,0.25609,0.16228,1.8763400000000001,41,6.239,1.61714,0.8775799999999999,0.63569,0.43166000000000004,0.23669,0.15965,2.28085,,,,,,KW,29.311659999999996,47.481766,48.0,0.816,74.4,14.7,7.2,"83,961",-46.0
Kyrgyzstan, Both sexes,9.1,8.8,11.9,15.4,Central and Eastern Europe,77,5.2860000000000005,0.03823,0.47428000000000003,1.15115,0.65088,0.43477,0.042319999999999997,0.3003,2.2327,85,5.185,0.5604399999999999,0.95434,0.5544899999999999,0.40212,0.047619999999999996,0.38432,2.28136,5195827.0,472.82025699999997,457.232776,2911949.2838799995,2464276.82956,KG,41.20438,74.766098,120.0,0.655,70.6,12.5,10.6,"3,044",29.0
Latvia, Both sexes,17.2,17.3,18.8,29.7,Central and Eastern Europe,89,5.098,0.0464,1.11312,1.09562,0.72437,0.29671,0.06332,0.18225999999999998,1.62215,68,5.56,1.2178799999999999,0.95025,0.63952,0.27996,0.0889,0.17445,2.20859,1875522.0,322.589784,324.46530600000006,2284160.7333599995,2087681.0486400002,LV,56.879635,24.603189,46.0,0.8190000000000001,74.2,15.2,11.5,"22,281",4.0
Lebanon, Both sexes,3.2,3.3,3.2,3.2,Middle East and Northern Africa,103,4.8389999999999995,0.04337,1.0256399999999999,0.80001,0.83947,0.33916,0.04582,0.21854,1.57059,93,5.129,1.12268,0.64184,0.76171,0.26228,0.030610000000000002,0.23693000000000003,2.0733900000000003,,,,,,LB,33.854721000000005,35.862285,67.0,0.769,79.3,13.8,7.9,"16,509",-1.0
Liberia, Both sexes,13.4,12.9,13.2,11.2,Sub-Saharan Africa,116,4.571000000000001,0.11068,0.0712,0.78968,0.34201,0.28531,0.06232000000000001,0.24361999999999998,2.7772900000000003,150,3.622,0.10705999999999999,0.50353,0.23165,0.25748000000000004,0.04852,0.24063,2.23284,,,,,,LR,6.4280550000000005,-9.429499,177.0,0.43,60.9,9.5,4.1,805,7.0
Libya, Both sexes,5.5,4.6,5.8,6.2,Middle East and Northern Africa,63,5.754,0.07832,1.13145,1.1186200000000002,0.7038,0.41668,0.11023,0.18295,2.0906599999999997,67,5.615,1.0668799999999998,0.95076,0.52304,0.40671999999999997,0.10339000000000001,0.17087,2.39374,,,,,,LY,26.3351,17.228331,94.0,0.7240000000000001,71.6,14.0,7.3,"14,911",-19.0
Lithuania, Both sexes,25.7,28.8,31.3,46.3,Central and Eastern Europe,56,5.832999999999999,0.03843,1.14723,1.25745,0.73128,0.21341999999999997,0.01031,0.026410000000000003,2.4464900000000003,60,5.813,1.2692,1.0641100000000001,0.64674,0.18929,0.0182,0.02025,2.60525,2753926.0,707.758982,793.130688,3495282.8792000003,3159386.5249799998,LT,55.169438,23.881275,37.0,0.8390000000000001,73.3,16.4,12.4,"24,500",7.0
Lithuania, Both sexes,25.7,28.8,31.3,46.3,Central and Eastern Europe,56,5.832999999999999,0.03843,1.14723,1.25745,0.73128,0.21341999999999997,0.01031,0.026410000000000003,2.4464900000000003,60,5.813,1.2692,1.0641100000000001,0.64674,0.18929,0.0182,0.02025,2.60525,2445296.0,628.441072,704.2452480000001,3103569.6832000003,2805316.93008,LT,55.169438,23.881275,37.0,0.8390000000000001,73.3,16.4,12.4,"24,500",7.0
Luxembourg, Both sexes,10.4,11.6,10.3,14.1,Western Europe,17,6.946000000000001,0.03499,1.5639100000000001,1.21963,0.91894,0.61583,0.37798000000000004,0.28034000000000003,1.9696099999999999,20,6.871,1.6975200000000001,1.03999,0.8454200000000001,0.5487,0.35329,0.27571,2.11055,537748.0,55.925792,62.378768,912837.98496,840989.4746800001,LU,49.815273,6.129583,19.0,0.892,81.7,13.9,11.7,"58,711",-11.0
Madagascar, Both sexes,6.9,7.0,7.7,8.5,Sub-Saharan Africa,147,3.681,0.03633,0.20824,0.66801,0.46721,0.19184,0.08123999999999999,0.21333000000000002,1.851,148,3.695,0.27954,0.46115,0.37109000000000003,0.13684000000000002,0.07506,0.2204,2.15075,,,,,,MG,-18.766947000000002,46.869107,154.0,0.51,65.1,10.3,6.0,"1,328",24.0
Malawi, Both sexes,7.8,7.6,8.1,11.9,Sub-Saharan Africa,131,4.292,0.0613,0.016040000000000002,0.41134,0.22562,0.43054,0.06977,0.33128,2.8079099999999997,132,4.156000000000001,0.08709,0.147,0.29364,0.4143,0.07564,0.30968,2.82859,,,,,,MW,-13.254307999999998,34.301525,173.0,0.445,62.8,10.8,4.3,747,13.0
Malaysia, Both sexes,6.2,6.1,6.3,7.4,Southeastern Asia,61,5.77,0.0433,1.12486,1.07023,0.7239399999999999,0.5302399999999999,0.10500999999999999,0.33075,1.8854099999999998,47,6.005,1.25142,0.88025,0.62366,0.39031,0.09081,0.41473999999999994,2.35384,,,,,,MY,4.210483999999999,101.97576600000001,62.0,0.779,74.7,12.7,10.0,"22,762",-14.0
Mali, Both sexes,8.9,8.9,8.7,9.0,Sub-Saharan Africa,138,3.995,0.05602000000000001,0.26074,1.03526,0.20583,0.38856999999999997,0.12352,0.18798,1.79293,135,4.073,0.31292,0.8633299999999999,0.16347,0.27544,0.13647,0.21064000000000002,2.1108700000000002,,,,,,ML,17.570692,-3.9961660000000006,179.0,0.419,58.0,8.4,2.0,"1,583",-8.0
Malta, Both sexes,6.5,7.0,7.0,5.7,Western Europe,37,6.3020000000000005,0.04206,1.2074,1.30203,0.88721,0.60365,0.13585999999999998,0.51752,1.6488,30,6.4879999999999995,1.30782,1.09879,0.80315,0.54994,0.17554,0.56237,1.99032,410637.0,26.691405,28.744590000000002,537039.28134,495803.1138,MT,35.937496,14.375416,37.0,0.8390000000000001,80.6,14.4,10.3,"27,930",-1.0
Mauritania, Both sexes,7.5,7.4,6.8,6.2,Sub-Saharan Africa,124,4.436,0.03947,0.45407,0.86908,0.35874,0.24231999999999998,0.17461,0.21899999999999997,2.11773,130,4.2010000000000005,0.6139100000000001,0.8414200000000001,0.28639000000000003,0.1268,0.17955,0.22685999999999998,1.9263,,,,,,MR,21.00789,-10.940835,156.0,0.506,63.1,8.5,3.8,"3,560",-14.0
Mauritius, Both sexes,7.3,8.1,7.7,10.8,Sub-Saharan Africa,71,5.477,0.07197,1.0076100000000001,0.98521,0.7095,0.56066,0.07521,0.37744,1.76145,66,5.648,1.14372,0.75695,0.66189,0.46145,0.05202999999999999,0.36951,2.20223,1154848.0,84.30390399999999,93.542688,1320822.75456,1163636.3932800002,MU,-20.348404000000002,57.552152,63.0,0.777,74.4,15.6,8.5,"17,470",0.0
Mauritius, Both sexes,7.3,8.1,7.7,10.8,Sub-Saharan Africa,71,5.477,0.07197,1.0076100000000001,0.98521,0.7095,0.56066,0.07521,0.37744,1.76145,66,5.648,1.14372,0.75695,0.66189,0.46145,0.05202999999999999,0.36951,2.20223,992432.0,72.447536,80.38699199999999,1135064.3270400001,999984.4075200001,MU,-20.348404000000002,57.552152,63.0,0.777,74.4,15.6,8.5,"17,470",0.0
Mexico, Both sexes,5.2,5.6,4.8,4.0,Latin America and Caribbean,14,7.187,0.041760000000000005,1.02054,0.91451,0.8144399999999999,0.48181,0.21311999999999998,0.14074,3.6021400000000003,21,6.778,1.1150799999999998,0.7146,0.71143,0.37709000000000004,0.18355,0.11735,3.5590599999999997,114357884.0,5946.609968,6404.041503999999,127518189.29071999,116706794.93736,MX,23.634501,-102.552784,74.0,0.7559999999999999,76.8,13.1,8.5,"16,056",-4.0
Mongolia, Both sexes,13.3,13.4,16.1,19.7,Eastern Asia,100,4.874,0.03313,0.82819,1.3006,0.60268,0.43626000000000004,0.026660000000000003,0.3323,1.34759,101,4.907,0.9885299999999999,1.0898299999999999,0.55469,0.35972,0.03285,0.34539000000000003,1.53586,2167589.0,288.289337,290.456926,2142726.7541699996,1795175.53391,MN,46.862496,103.84665600000001,90.0,0.727,69.4,14.6,9.3,"10,729",4.0
Montenegro, Both sexes,7.9,7.7,8.3,9.4,Central and Eastern Europe,82,5.192,0.05235,0.9743799999999999,0.9055700000000001,0.72521,0.1826,0.14296,0.1614,2.10017,88,5.1610000000000005,1.07838,0.74173,0.6353300000000001,0.15111,0.12721,0.17190999999999998,2.2553099999999997,,,,,,ME,42.708678000000006,19.37439,49.0,0.802,76.2,15.2,11.2,"14,558",27.0
Morocco, Both sexes,3.1,3.1,4.1,8.2,Middle East and Northern Africa,92,5.013,0.0342,0.7347899999999999,0.64095,0.60954,0.41691000000000006,0.08546000000000001,0.07172,2.4537299999999997,90,5.151,0.8405799999999999,0.38595,0.5947100000000001,0.25645999999999997,0.08404,0.040530000000000004,2.9489099999999997,,,,,,MA,31.791702,-7.09262,126.0,0.628,74.0,11.6,4.4,"6,850",-8.0
Myanmar, Both sexes,8.1,8.0,7.9,7.9,Southeastern Asia,129,4.3069999999999995,0.04351,0.27108000000000004,0.70905,0.48246000000000006,0.44017,0.19034,0.79588,1.41805,119,4.395,0.34112,0.69981,0.3988,0.42691999999999997,0.20243,0.81971,1.50655,,,,,,,,,148.0,0.536,65.9,8.6,4.1,"4,608",-12.0
Nepal, Both sexes,9.6,10.1,12.2,18.0,Southern Asia,121,4.513999999999999,0.03607,0.35996999999999996,0.86449,0.5687399999999999,0.38282,0.059070000000000004,0.32295999999999997,1.9563700000000002,107,4.793,0.44626000000000005,0.69699,0.50073,0.37012,0.07007999999999999,0.3816,2.32694,,,,,,NP,28.394857000000002,84.12400799999999,145.0,0.5479999999999999,69.6,12.4,3.3,"2,311",16.0
Netherlands, Both sexes,9.6,9.7,8.2,8.3,Western Europe,7,7.377999999999999,0.027989999999999998,1.32944,1.28017,0.89284,0.6157600000000001,0.31814000000000003,0.4761,2.4657,7,7.3389999999999995,1.46468,1.02912,0.8123100000000001,0.55211,0.29927,0.47416,2.70749,16057342.0,1541.5048319999999,1557.562174,23518867.68056,21347272.74848,NL,52.132633,5.291266,5.0,0.922,81.6,17.9,11.9,"45,435",9.0
Netherlands, Both sexes,9.6,9.7,8.2,8.3,Western Europe,7,7.377999999999999,0.027989999999999998,1.32944,1.28017,0.89284,0.6157600000000001,0.31814000000000003,0.4761,2.4657,7,7.3389999999999995,1.46468,1.02912,0.8123100000000001,0.55211,0.29927,0.47416,2.70749,14239554.0,1366.997184,1381.236738,20856389.95272,18930632.66976,NL,52.132633,5.291266,5.0,0.922,81.6,17.9,11.9,"45,435",9.0
New Zealand, Both sexes,11.6,11.6,12.2,12.7,Australia and New Zealand,9,7.2860000000000005,0.033710000000000004,1.2501799999999998,1.3196700000000001,0.9083700000000001,0.6393800000000001,0.42922,0.47501000000000004,2.26425,8,7.334,1.36066,1.17278,0.83096,0.5814699999999999,0.41903999999999997,0.49401000000000006,2.47553,,,,,,NZ,-40.900557,174.88597099999998,9.0,0.9129999999999999,81.8,19.2,12.5,"32,689",23.0
Nicaragua, Both sexes,11.9,11.9,12.4,18.3,Latin America and Caribbean,57,5.827999999999999,0.05371,0.59325,1.14184,0.7431399999999999,0.55475,0.19317,0.27815,2.32407,48,5.992000000000001,0.69384,0.8952100000000001,0.65213,0.46581999999999996,0.16292,0.29773,2.82428,5476483.0,651.7014770000001,651.7014770000001,3799802.96472,3248923.5397500005,NI,12.865416,-85.207229,125.0,0.631,74.9,11.5,6.0,"4,457",12.0
Niger, Both sexes,9.0,9.1,9.4,8.8,Sub-Saharan Africa,144,3.845,0.036019999999999996,0.0694,0.77265,0.29707,0.47691999999999996,0.15639,0.19387000000000001,1.87877,142,3.8560000000000003,0.1327,0.6053,0.26161999999999996,0.38040999999999997,0.17176,0.2097,2.09469,,,,,,NE,17.607789,8.081666,188.0,0.348,61.4,5.4,1.5,908,-5.0
Nigeria, Both sexes,17.3,17.5,18.2,18.5,Sub-Saharan Africa,78,5.268,0.04192,0.65435,0.9043200000000001,0.16007000000000002,0.34334000000000003,0.0403,0.27233,2.89319,103,4.875,0.75216,0.64498,0.05108,0.27854,0.0305,0.23219,2.8858599999999996,,,,,,NG,9.081999,8.675277000000001,152.0,0.514,52.8,9.0,5.9,"5,341",-24.0
Norway, Both sexes,10.1,10.2,10.6,12.0,Western Europe,4,7.522,0.0388,1.459,1.33095,0.88521,0.66973,0.36503,0.34699,2.4653099999999997,4,7.497999999999999,1.57744,1.1269,0.79579,0.59609,0.35775999999999997,0.37895,2.66465,4882909.0,493.173809,498.056718,7702495.97296,7124164.231000001,NO,60.472024,8.468946,1.0,0.9440000000000001,81.6,17.5,12.6,"64,992",5.0
Pakistan, Both sexes,3.1,3.1,3.3,4.0,Southern Asia,81,5.194,0.03726,0.59543,0.41411000000000003,0.51466,0.12102,0.10464000000000001,0.33671,3.1070900000000004,92,5.132000000000001,0.68816,0.26135,0.40306,0.14622000000000002,0.1388,0.31185,3.18286,,,,,,PK,30.375321000000003,69.345116,147.0,0.5379999999999999,66.2,7.8,4.7,"4,866",-14.0
Panama, Both sexes,4.4,4.0,5.3,6.6,Latin America and Caribbean,25,6.7860000000000005,0.0491,1.0635299999999999,1.1985,0.79661,0.5421,0.0927,0.24434,2.84848,25,6.7010000000000005,1.18306,0.9891200000000001,0.70835,0.48927,0.08423,0.2418,3.00559,3583382.0,157.668808,143.33528,4239355.90892,3811034.2584599997,PA,8.537981,-80.782127,60.0,0.78,77.6,13.3,9.3,"18,192",1.0
Paraguay, Both sexes,9.3,9.6,9.3,11.0,Latin America and Caribbean,53,5.877999999999999,0.045630000000000004,0.75985,1.30477,0.66098,0.53899,0.08242000000000001,0.3424,2.18896,70,5.537999999999999,0.8937299999999999,1.11111,0.58295,0.46235,0.07396,0.25296,2.16091,,,,,,PY,-23.442503,-58.44383199999999,112.0,0.679,72.9,11.9,7.7,"7,643",-3.0
Peru, Both sexes,5.1,5.1,4.9,6.0,Latin America and Caribbean,58,5.824,0.04615,0.9001899999999999,0.97459,0.73017,0.41496000000000005,0.05989,0.14982,2.5945,64,5.742999999999999,0.9960200000000001,0.81255,0.6299399999999999,0.37501999999999996,0.05292,0.14527,2.73117,,,,,,PE,-9.189967,-75.015152,84.0,0.7340000000000001,74.6,13.1,9.0,"11,015",8.0
Philippines, Both sexes,3.7,3.8,4.0,3.1,Southeastern Asia,90,5.073,0.049339999999999995,0.70532,1.03516,0.58114,0.62545,0.12279000000000001,0.24991,1.7536,82,5.279,0.81217,0.87877,0.47036000000000006,0.5485399999999999,0.11757000000000001,0.21674000000000002,2.23484,,,,,,PH,12.879721,121.77401699999999,115.0,0.6679999999999999,68.2,11.3,8.9,"7,915",-7.0
Poland, Both sexes,13.4,13.1,15.5,15.2,Central and Eastern Europe,60,5.791,0.04263,1.12555,1.27948,0.77903,0.53122,0.04212,0.16759000000000002,1.86565,57,5.835,1.24585,1.04685,0.69058,0.4519,0.055,0.14443,2.20035,36086575.0,4835.60105,4727.341324999999,44958459.46375,40617244.49125,PL,51.919438,19.145135999999997,36.0,0.843,77.4,15.5,11.8,"23,177",10.0
Portugal, Both sexes,8.6,8.6,8.8,5.3,Western Europe,88,5.102,0.04802,1.15991,1.13935,0.8751899999999999,0.51469,0.01078,0.13719,1.26462,94,5.122999999999999,1.27607,0.9436700000000001,0.7936300000000001,0.44727,0.01521,0.11690999999999999,1.53015,,,,,,PT,39.399871999999995,-8.224454,43.0,0.83,80.9,16.3,8.2,"25,757",-2.0
Qatar, Both sexes,5.8,5.7,5.1,3.8,Middle East and Northern Africa,28,6.611000000000001,0.06257,1.69042,1.0786,0.79733,0.6404,0.52208,0.32573,1.55674,36,6.375,1.82427,0.87964,0.71723,0.56679,0.48049,0.32388,1.5822399999999999,2354147.0,136.540526,134.18637900000002,4294599.747690001,3979497.17174,QA,25.354826,51.183884,32.0,0.85,78.2,13.8,9.1,"123,124",-31.0
Qatar, Both sexes,5.8,5.7,5.1,3.8,Middle East and Northern Africa,28,6.611000000000001,0.06257,1.69042,1.0786,0.79733,0.6404,0.52208,0.32573,1.55674,36,6.375,1.82427,0.87964,0.71723,0.56679,0.48049,0.32388,1.5822399999999999,2213121.0,128.361018,126.147897,4037330.2466700003,3741104.00082,QA,25.354826,51.183884,32.0,0.85,78.2,13.8,9.1,"123,124",-31.0
Romania, Both sexes,8.0,9.1,11.5,11.7,Central and Eastern Europe,86,5.124,0.06607,1.04345,0.8858799999999999,0.7689,0.35068,0.006490000000000001,0.13748,1.9312900000000002,71,5.528,1.1697,0.7280300000000001,0.67602,0.36712,0.006790000000000001,0.12889,2.4518400000000002,18863927.0,1509.11416,1716.617357,22065135.4119,19683564.62815,RO,45.943160999999996,24.96676,52.0,0.7929999999999999,74.7,14.2,10.8,"18,108",10.0
Romania, Both sexes,8.0,9.1,11.5,11.7,Central and Eastern Europe,86,5.124,0.06607,1.04345,0.8858799999999999,0.7689,0.35068,0.006490000000000001,0.13748,1.9312900000000002,71,5.528,1.1697,0.7280300000000001,0.67602,0.36712,0.006790000000000001,0.12889,2.4518400000000002,16644905.0,1331.5924,1514.686355,19469545.3785,17368126.12225,RO,45.943160999999996,24.96676,52.0,0.7929999999999999,74.7,14.2,10.8,"18,108",10.0
Rwanda, Both sexes,11.0,11.2,12.5,24.6,Sub-Saharan Africa,154,3.465,0.03464,0.22208000000000003,0.7737,0.42863999999999997,0.59201,0.55191,0.22628,0.67042,152,3.515,0.32846,0.6158600000000001,0.31865,0.5432,0.50521,0.23551999999999998,0.96819,,,,,,RW,-1.940278,29.873888,163.0,0.483,64.2,10.3,3.7,"1,458",11.0
Saudi Arabia, Both sexes,3.4,3.4,3.8,3.4,Middle East and Northern Africa,35,6.4110000000000005,0.04633,1.39541,1.0839299999999998,0.72025,0.31048000000000003,0.32524000000000003,0.13706,2.43872,34,6.379,1.48953,0.84829,0.59267,0.37904,0.30008,0.15457,2.61482,,,,,,SA,23.885942,45.079162,39.0,0.8370000000000001,74.3,16.3,8.7,"52,821",-27.0
Senegal, Both sexes,11.8,12.1,13.1,14.0,Sub-Saharan Africa,142,3.904,0.03608,0.36498,0.97619,0.4354,0.36772,0.10712999999999999,0.20843000000000003,1.44395,128,4.218999999999999,0.44314,0.7741600000000001,0.40457,0.31056,0.11681,0.19103,1.9786099999999998,,,,,,SN,14.497401000000002,-14.452361999999999,170.0,0.466,66.5,7.9,2.5,"2,188",-8.0
Serbia, Both sexes,10.9,10.6,11.3,16.8,Central and Eastern Europe,87,5.122999999999999,0.048639999999999996,0.92053,1.0096399999999999,0.74836,0.20107,0.02617,0.19230999999999998,2.025,86,5.1770000000000005,1.03437,0.81329,0.6458,0.15718,0.04339,0.20736999999999997,2.2753900000000002,6766406.0,737.538254,717.239036,6998967.37422,6228679.715179999,RS,44.016521000000004,21.005859,66.0,0.7709999999999999,74.9,14.4,10.5,"12,190",20.0
Sierra Leone, Both sexes,16.1,15.7,16.0,19.2,Sub-Saharan Africa,123,4.507,0.07067999999999999,0.33024000000000003,0.9557100000000001,0.0,0.4084,0.08786000000000001,0.21488000000000002,2.51009,111,4.635,0.36485,0.628,0.0,0.30685,0.08196,0.23897,3.01402,,,,,,SL,8.460555000000001,-11.779889,181.0,0.413,50.9,8.6,3.1,"1,780",-16.0
Singapore, Both sexes,7.9,7.6,8.4,11.7,Southeastern Asia,24,6.797999999999999,0.0378,1.52186,1.02,1.02525,0.54252,0.4921,0.31105,1.8850099999999999,22,6.739,1.64555,0.8675799999999999,0.94719,0.4877,0.46986999999999995,0.32706,1.99375,3719115.0,293.810085,282.65274,6119989.688250001,5659972.3538999995,SG,1.352083,103.819836,11.0,0.912,83.0,15.4,10.6,"76,628",-7.0
Slovakia, Both sexes,10.1,10.1,11.4,12.8,Central and Eastern Europe,45,5.995,0.04267,1.1689100000000001,1.26999,0.7890199999999999,0.31751,0.03431,0.16893,2.2463900000000003,45,6.077999999999999,1.27973,1.0826799999999999,0.70367,0.23390999999999998,0.02947,0.13837,2.61065,,,,,,SK,48.669026,19.699023999999998,35.0,0.8440000000000001,76.3,15.1,12.2,"25,845",5.0
Slovenia, Both sexes,13.3,14.8,15.5,26.0,Central and Eastern Europe,55,5.848,0.04251,1.18498,1.27385,0.8733700000000001,0.60855,0.03787,0.25328,1.6158299999999999,63,5.768,1.2994700000000001,1.05613,0.79151,0.53164,0.03635,0.25738,1.79522,1954632.0,259.96605600000004,289.28553600000004,2539985.6450400003,2316199.82736,SI,46.151241,14.995463,25.0,0.88,80.4,16.8,11.9,"27,852",12.0
South Africa, Both sexes,12.8,13.1,13.9,14.4,Sub-Saharan Africa,113,4.6419999999999995,0.04585,0.9204899999999999,1.18468,0.27688,0.33207,0.08884,0.11972999999999999,1.7195599999999998,116,4.459,1.02416,0.9605299999999999,0.18611,0.42483000000000004,0.08415,0.13656,1.6422700000000001,49627460.0,6352.314880000001,6501.19726,50826459.4336,45681580.65539999,ZA,-30.559482,22.937506,116.0,0.6659999999999999,57.4,13.6,9.9,"12,122",-29.0
Spain, Both sexes,6.1,5.7,5.1,6.5,Western Europe,36,6.329,0.03468,1.23011,1.31379,0.95562,0.45951000000000003,0.06398,0.18227000000000002,2.12367,37,6.361000000000001,1.34253,1.12945,0.8789600000000001,0.37545,0.06137000000000001,0.17665,2.39663,44186528.0,2695.3782079999996,2518.632096,59321739.43584,54354289.95808,ES,40.463667,-3.7492199999999998,26.0,0.8759999999999999,82.6,17.3,9.6,"32,045",7.0
Sri Lanka, Both sexes,14.2,14.5,19.2,30.3,Southern Asia,132,4.271,0.03751,0.83524,1.01905,0.70806,0.5372600000000001,0.09179,0.40828000000000003,0.67108,117,4.415,0.9731799999999999,0.84783,0.62007,0.50817,0.07964,0.46978000000000003,0.91681,,,,,,LK,7.873054,80.77179699999999,73.0,0.757,74.9,13.7,10.8,"9,779",29.0
Sudan, Both sexes,9.5,9.5,9.5,9.5,Sub-Saharan Africa,118,4.55,0.0674,0.52107,1.01404,0.36878,0.10081,0.1466,0.19062,2.20857,133,4.138999999999999,0.63069,0.8192799999999999,0.29759,0.0,0.10039,0.18077000000000001,2.10995,,,,,,SD,12.862807,30.217636,167.0,0.479,63.5,7.0,3.1,"3,809",-27.0
Suriname, Both sexes,23.2,24.4,28.3,26.4,Latin America and Caribbean,40,6.269,0.09811,0.99534,0.972,0.6082,0.5965699999999999,0.13633,0.16990999999999998,2.79094,40,6.269,1.09686,0.77866,0.5093300000000001,0.5223399999999999,0.12692,0.16665,3.06852,,,,,,SR,3.9193050000000005,-56.02778299999999,103.0,0.7140000000000001,71.1,12.7,7.7,"15,617",-32.0
Sweden, Both sexes,11.7,12.3,12.0,12.2,Western Europe,8,7.364,0.03157,1.33171,1.2890700000000002,0.9108700000000001,0.6598,0.43843999999999994,0.36262,2.3711900000000004,10,7.291,1.45181,1.08764,0.83121,0.58218,0.40867,0.38254,2.54734,9114524.0,1066.399308,1121.086452,13232557.088440001,12137902.75604,SE,60.128161,18.643501,14.0,0.907,82.2,15.8,12.1,"45,636",-1.0
Sweden, Both sexes,11.7,12.3,12.0,12.2,Western Europe,8,7.364,0.03157,1.33171,1.2890700000000002,0.9108700000000001,0.6598,0.43843999999999994,0.36262,2.3711900000000004,10,7.291,1.45181,1.08764,0.83121,0.58218,0.40867,0.38254,2.54734,8125852.0,950.724684,999.4797960000001,11797193.19212,10821278.36692,SE,60.128161,18.643501,14.0,0.907,82.2,15.8,12.1,"45,636",-1.0
Switzerland, Both sexes,11.3,11.4,11.3,16.8,Western Europe,1,7.587000000000001,0.03411,1.3965100000000001,1.34951,0.9414299999999999,0.66557,0.41978000000000004,0.29678000000000004,2.5173799999999997,2,7.5089999999999995,1.5273299999999999,1.14524,0.86303,0.58557,0.41203,0.28083,2.69463,7892502.0,891.8527260000001,899.7452280000001,12054455.079659998,11021957.968020001,CH,46.818188,8.227511999999999,3.0,0.93,83.0,15.8,12.8,"56,431",6.0
Tajikistan, Both sexes,3.3,3.4,3.4,4.2,Central and Eastern Europe,106,4.7860000000000005,0.03198,0.39047,0.8556299999999999,0.5737899999999999,0.47216,0.15072,0.22974,2.1139900000000003,100,4.996,0.48835,0.75602,0.5311899999999999,0.43408,0.13509000000000002,0.25998000000000004,2.39106,,,,,,TJ,38.861034000000004,71.276093,129.0,0.624,69.4,11.2,10.4,"2,517",27.0
Thailand, Both sexes,12.9,13.1,13.0,15.9,Southeastern Asia,34,6.455,0.03557,0.9669,1.26504,0.7385,0.5566399999999999,0.031869999999999996,0.5763,2.31945,33,6.474,1.0893,1.04477,0.64915,0.49553,0.02833,0.58696,2.5796,61261276.0,7902.704604,8025.227156,66731907.94679999,59233527.7644,TH,15.870032,100.992541,93.0,0.726,74.4,13.5,7.3,"13,323",-13.0
Thailand, Both sexes,12.9,13.1,13.0,15.9,Southeastern Asia,34,6.455,0.03557,0.9669,1.26504,0.7385,0.5566399999999999,0.031869999999999996,0.5763,2.31945,33,6.474,1.0893,1.04477,0.64915,0.49553,0.02833,0.58696,2.5796,53442001.0,6894.018129000001,7000.902131000001,58214371.68929999,51673070.766899996,TH,15.870032,100.992541,93.0,0.726,74.4,13.5,7.3,"13,323",-13.0
Togo, Both sexes,16.6,16.3,16.9,17.2,Sub-Saharan Africa,158,2.839,0.06727000000000001,0.20868,0.13995,0.28443,0.36453,0.10730999999999999,0.16680999999999999,1.56726,155,3.303,0.28123000000000004,0.0,0.24811,0.34678000000000003,0.11587,0.17517,2.1354,,,,,,TG,8.619543,0.824782,162.0,0.484,59.7,12.2,4.5,"1,228",17.0
Trinidad and Tobago, Both sexes,12.9,12.8,13.5,15.2,Latin America and Caribbean,41,6.167999999999999,0.10895,1.21183,1.18354,0.61483,0.55884,0.0114,0.31844,2.2688200000000003,43,6.167999999999999,1.32572,0.98569,0.52608,0.48453,0.01241,0.31935,2.5139400000000003,,,,,,TT,10.691803,-61.222503,64.0,0.772,70.4,12.3,10.9,"26,090",-25.0
Tunisia, Both sexes,3.2,3.3,3.6,3.8,Middle East and Northern Africa,107,4.739,0.03589,0.88113,0.60429,0.73793,0.26268,0.06358,0.06431,2.12466,98,5.045,0.97724,0.43165,0.59577,0.23553000000000002,0.0817,0.03936,2.68413,,,,,,TN,33.886917,9.537499,96.0,0.721,74.8,14.6,6.8,"10,404",1.0
Turkey, Both sexes,7.2,7.2,8.1,7.3,Middle East and Northern Africa,76,5.332000000000001,0.03864,1.06098,0.94632,0.73172,0.22815,0.15746,0.12253,2.08528,78,5.388999999999999,1.1649200000000002,0.8771700000000001,0.64718,0.23889000000000002,0.12347999999999999,0.04707,2.29074,71880464.0,5175.393408,5175.393408,83734990.12288001,76263734.69472,TR,38.963745,35.243322,72.0,0.7609999999999999,75.3,14.5,7.6,"18,677",-12.0
Turkmenistan, Both sexes,7.2,7.5,7.7,9.9,Central and Eastern Europe,70,5.547999999999999,0.04175,0.95847,1.22668,0.53886,0.4761,0.30844,0.16979,1.8698400000000002,65,5.6579999999999995,1.08017,1.03817,0.44006000000000006,0.37408,0.28467,0.22566999999999998,2.21489,4886514.0,351.829008,366.48855,5278265.827380001,4683577.073580001,TM,38.969719,59.556278000000006,109.0,0.688,65.6,10.8,9.9,"13,066",-28.0
Uganda, Both sexes,20.0,20.2,21.8,22.8,Sub-Saharan Africa,141,3.931,0.04317,0.21101999999999999,1.13299,0.33860999999999997,0.45726999999999995,0.07267,0.29066,1.42766,145,3.739,0.34719,0.90981,0.19625,0.43653000000000003,0.06442,0.27102,1.51416,,,,,,UG,1.373333,32.290275,163.0,0.483,58.5,9.8,5.4,"1,613",6.0
Ukraine, Both sexes,18.5,19.0,22.6,32.0,Central and Eastern Europe,111,4.681,0.04412,0.79907,1.20278,0.6739,0.25123,0.02961,0.15275,1.5714,123,4.324,0.87287,1.01413,0.58628,0.12859,0.01829,0.20363,1.50066,40345446.0,7463.90751,7665.6347399999995,35216329.45002,32238835.535219997,UA,48.379433,31.16558,81.0,0.747,71.0,15.1,11.3,"8,178",25.0
United Arab Emirates, Both sexes,2.7,2.7,2.8,3.4,Middle East and Northern Africa,20,6.901,0.03729,1.42727,1.12575,0.80925,0.64157,0.38583,0.26428,2.24743,28,6.5729999999999995,1.57352,0.8711399999999999,0.72993,0.56215,0.35561,0.26591,2.21507,,,,,,AE,23.424076,53.847818000000004,41.0,0.835,77.0,13.3,9.5,"60,868",-34.0
United States, Both sexes,13.7,13.3,11.8,10.1,North America,15,7.119,0.03839,1.3945100000000001,1.24711,0.86179,0.54604,0.1589,0.40105,2.51011,13,7.104,1.50796,1.04782,0.779,0.48163,0.14868,0.41076999999999997,2.72782,300078511.0,41110.756006999996,39910.441963,452506391.44756,418462484.37461007,US,37.09024,-95.712891,8.0,0.915,79.1,16.5,12.9,"52,947",3.0
Uruguay, Both sexes,16.5,17.4,14.9,15.9,Latin America and Caribbean,32,6.485,0.04539,1.06166,1.2089,0.8116,0.6036199999999999,0.24558000000000002,0.2324,2.3214200000000003,29,6.545,1.18157,1.0314299999999998,0.72183,0.54388,0.21394000000000002,0.18056,2.67139,3190795.0,526.481175,555.1983299999999,3770147.6481500003,3387539.4197,UY,-32.522779,-55.765834999999996,52.0,0.7929999999999999,77.2,15.5,8.5,"19,283",7.0
Uzbekistan, Both sexes,7.4,7.4,6.0,9.1,Central and Eastern Europe,44,6.002999999999999,0.04361,0.63244,1.34043,0.59772,0.6582100000000001,0.30826,0.22837,2.2374099999999997,49,5.987,0.7359100000000001,1.1681,0.50163,0.60848,0.28333,0.34326,2.34638,,,,,,UZ,41.377491,64.585262,114.0,0.675,68.4,11.5,10.9,"5,567",10.0
Yemen, Both sexes,9.8,9.9,10.6,9.1,Middle East and Northern Africa,136,4.077,0.04367,0.5464899999999999,0.68093,0.40064,0.35570999999999997,0.07854,0.09131,1.92313,147,3.7239999999999998,0.57939,0.47493,0.31048000000000003,0.2287,0.05892000000000001,0.09821,1.97295,,,,,,YE,15.552726999999999,48.516388,160.0,0.498,63.8,9.2,2.6,"3,519",-17.0
Zambia, Both sexes,11.3,11.2,11.5,14.1,Sub-Saharan Africa,85,5.129,0.06988,0.47038,0.91612,0.29924,0.48827,0.12468,0.19591,2.6343,106,4.795,0.61202,0.6376,0.23573000000000002,0.42662,0.11479,0.17865999999999999,2.5899099999999997,,,,,,ZM,-13.133897,27.849332,139.0,0.586,60.1,13.5,6.6,"3,734",2.0
Zimbabwe, Both sexes,19.1,18.9,20.6,21.7,Sub-Saharan Africa,115,4.61,0.0429,0.271,1.0327600000000001,0.33475,0.25861,0.08079,0.18987,2.44191,131,4.1930000000000005,0.35041,0.71478,0.1595,0.25429,0.08582000000000001,0.18503,2.4427,,,,,,ZW,-19.015438,29.154857,155.0,0.509,57.5,10.9,7.3,"1,615",13.0
